keyword,variation_id,title,meta_description,og_description,twitter_description,paragraph_content,keywords
"makan enak di bandung",1,"Temukan Makan Enak di Bandung untuk Semua Selera","Nikmati pilihan makan enak di Bandung yang menggugah selera. Temukan restoran terbaik untuk pengalaman kuliner yang tak terlupakan.","Mencari tempat makan enak di Bandung? Temukan berbagai pilihan restoran dan kafe yang menyajikan hidangan lezat untuk semua selera di kota ini.","Jelajahi berbagai pilihan makan enak di Bandung! Dari restoran mewah hingga kafe santai, ada sesuatu untuk semua orang.","Bandung adalah surga kuliner dengan berbagai pilihan makan enak. Dari masakan tradisional hingga internasional, Anda dapat menemukan restoran yang sesuai dengan selera Anda. Jangan lewatkan pengalaman kuliner yang unik di kota ini, yang menawarkan hidangan lezat dan suasana yang nyaman.","makan enak, restoran Bandung, kuliner Bandung, makanan lezat, cafe Bandung"
"makan enak di bandung",2,"Rekomendasi Makan Enak di Bandung yang Wajib Dicoba","Jelajahi rekomendasi makan enak di Bandung. Temukan tempat makan yang menyajikan hidangan lezat dan suasana yang nyaman.","Butuh rekomendasi makan enak di Bandung? Temukan tempat makan yang menyajikan hidangan lezat dan suasana yang nyaman untuk bersantap.","Temukan rekomendasi makan enak di Bandung untuk pengalaman kuliner yang tak terlupakan. Dari masakan lokal hingga internasional.","Jika Anda mencari tempat makan enak di Bandung, ada banyak pilihan yang bisa Anda coba. Dari hidangan lokal yang autentik hingga masakan internasional yang menggugah selera, Bandung memiliki semuanya. Jangan lewatkan kesempatan untuk menikmati pengalaman kuliner yang menyenangkan di kota ini.","tempat makan, kuliner Bandung, restoran enak, makanan lokal, cafe unik"
"makan enak di bandung",3,"Makan Enak di Bandung: Panduan Kuliner Terbaik","Temukan panduan kuliner terbaik untuk makan enak di Bandung. Nikmati berbagai pilihan hidangan yang menggugah selera.","Ingin tahu di mana makan enak di Bandung? Ikuti panduan kuliner terbaik kami untuk menemukan restoran dan kafe yang menyajikan hidangan lezat.","Jelajahi panduan kuliner kami untuk makan enak di Bandung. Temukan restoran dan kafe terbaik untuk pengalaman bersantap yang luar biasa.","Makan enak di Bandung adalah pengalaman yang tidak boleh dilewatkan. Dari restoran fine dining hingga warung lokal, ada banyak pilihan yang dapat Anda jelajahi. Panduan kuliner ini akan membantu Anda menemukan tempat-tempat terbaik untuk mencicipi berbagai hidangan yang menggugah selera di Bandung.","panduan kuliner, restoran terbaik, makanan Bandung, hidangan enak, tempat makan"
"makan enak di bandung",4,"Makan Enak di Bandung: Tempat Favorit Warga Lokal","Temukan tempat makan enak di Bandung yang menjadi favorit warga lokal. Nikmati hidangan lezat dengan suasana yang nyaman.","Ingin tahu tempat makan enak di Bandung yang disukai warga lokal? Temukan restoran dan kafe favorit mereka untuk pengalaman kuliner yang otentik.","Jelajahi tempat makan enak di Bandung yang menjadi favorit warga lokal. Nikmati hidangan lezat dan suasana yang hangat.","Bergabunglah dengan warga lokal dan temukan tempat makan enak di Bandung yang mereka sukai. Dari masakan khas Sunda hingga hidangan internasional, Anda akan menemukan banyak pilihan yang menggugah selera. Jangan ragu untuk mencoba restoran dan kafe yang menjadi favorit masyarakat setempat.","warga lokal, tempat favorit, makanan khas, kuliner otentik, restoran Bandung"
"makan enak di bandung",5,"Makan Enak di Bandung: Menikmati Makanan Khas Sunda","Jelajahi pilihan makan enak di Bandung dengan fokus pada makanan khas Sunda. Nikmati cita rasa yang unik dan lezat.","Ingin menikmati makanan khas Sunda? Temukan pilihan makan enak di Bandung yang menyajikan hidangan tradisional dengan cita rasa otentik.","Mencari makanan khas Sunda di Bandung? Temukan pilihan makan enak yang menyajikan cita rasa unik dan lezat.","Makanan khas Sunda adalah salah satu daya tarik kuliner di Bandung. Dari nasi timbel hingga sate maranggi, Anda dapat menemukan berbagai hidangan yang menggugah selera di kota ini. Nikmati pengalaman bersantap yang unik dengan cita rasa khas Sunda yang kaya.","makanan khas Sunda, kuliner Bandung, cita rasa unik, hidangan tradisional, restoran Sunda"
"makan enak di bandung",6,"Makan Enak di Bandung: Kafe Instagramable yang Harus Dikunjungi","Temukan kafe Instagramable di Bandung untuk pengalaman makan enak dan suasana yang menarik. Sempurna untuk foto-foto!","Jelajahi kafe Instagramable di Bandung yang menawarkan makanan enak dan suasana yang menarik. Cocok untuk bersantai dan berfoto.","Mencari kafe Instagramable di Bandung? Temukan tempat makan enak dengan suasana yang menarik untuk foto-foto Anda.","Jika Anda mencari pengalaman makan enak di Bandung yang juga Instagramable, ada banyak kafe dengan desain menarik yang dapat Anda coba. Nikmati hidangan lezat sambil berfoto di tempat-tempat yang unik dan estetik. Ini adalah kombinasi sempurna antara kuliner dan seni visual.","kafe Instagramable, makanan enak, tempat foto, kuliner Bandung, suasana menarik"
"makan enak di bandung",7,"Makan Enak di Bandung: Rekomendasi untuk Pecinta Makanan","Jelajahi rekomendasi makan enak di Bandung untuk pecinta makanan. Temukan hidangan lezat yang akan memuaskan selera Anda.","Pecinta makanan? Temukan rekomendasi makan enak di Bandung yang menyajikan hidangan lezat dan unik untuk pengalaman kuliner yang tak terlupakan.","Jelajahi rekomendasi makan enak di Bandung untuk pecinta makanan. Temukan hidangan lezat yang akan memuaskan selera Anda.","Bagi Anda yang mencintai kuliner, Bandung adalah tempat yang tepat untuk menemukan makanan enak. Dari hidangan tradisional hingga inovasi modern, Anda akan menemukan banyak pilihan yang menggugah selera. Rekomendasi ini akan memandu Anda untuk mencicipi berbagai hidangan lezat di kota ini.","pecinta makanan, rekomendasi kuliner, hidangan lezat, makanan enak, tempat makan"
"makan enak di bandung",8,"Makan Enak di Bandung: Restoran dengan Menu Unik","Temukan restoran di Bandung dengan menu unik dan enak. Nikmati pengalaman bersantap yang berbeda dan menggugah selera.","Mencari restoran dengan menu unik di Bandung? Temukan tempat makan enak yang menawarkan hidangan berbeda dan menarik untuk dicoba.","Jelajahi restoran di Bandung dengan menu unik dan enak. Nikmati pengalaman bersantap yang berbeda dan menggugah selera.","Bandung tidak hanya dikenal dengan makanan khasnya, tetapi juga restoran yang menawarkan menu unik. Dari fusion food hingga hidangan kreatif, Anda akan menemukan banyak pilihan yang menarik. Jangan lewatkan kesempatan untuk mencoba pengalaman bersantap yang berbeda di kota ini.","menu unik, restoran Bandung, makanan kreatif, kuliner berbeda, tempat makan"
"makan enak di bandung",9,"Makan Enak di Bandung: Tempat Romantis untuk Bersantap","Cari tempat makan enak di Bandung yang romantis? Temukan restoran dengan suasana nyaman dan hidangan lezat untuk pasangan.","Ingin bersantap romantis di Bandung? Temukan tempat makan enak dengan suasana nyaman dan hidangan lezat untuk pengalaman yang tak terlupakan.","Jelajahi tempat makan enak di Bandung yang romantis. Nikmati hidangan lezat dalam suasana yang nyaman bersama pasangan Anda.","Jika Anda mencari tempat makan enak di Bandung untuk bersantap romantis, ada banyak pilihan yang menawarkan suasana nyaman dan hidangan lezat. Dari restoran dengan pemandangan indah hingga kafe yang hangat, Anda dapat menciptakan momen spesial bersama pasangan Anda.","tempat romantis, bersantap nyaman, makanan lezat, restoran Bandung, pengalaman spesial"
"makan enak di bandung",10,"Makan Enak di Bandung: Cita Rasa Internasional yang Menarik","Jelajahi cita rasa internasional di Bandung. Temukan tempat makan enak yang menyajikan hidangan dari berbagai belahan dunia.","Ingin mencoba cita rasa internasional di Bandung? Temukan tempat makan enak yang menawarkan hidangan dari berbagai negara untuk pengalaman kuliner yang berbeda.","Mencari cita rasa internasional di Bandung? Temukan tempat makan enak yang menyajikan hidangan dari berbagai belahan dunia.","Bandung tidak hanya menawarkan makanan lokal, tetapi juga cita rasa internasional yang menarik. Dari masakan Italia hingga Jepang, Anda dapat menemukan berbagai hidangan yang menggugah selera. Jelajahi tempat makan enak di Bandung dan nikmati pengalaman kuliner yang beragam.","cita rasa internasional, makanan enak, kuliner Bandung, restoran dunia, hidangan lezat"
"makan enak di bandung",11,"Makan Enak di Bandung: Menikmati Street Food yang Lezat","Jelajahi street food enak di Bandung. Temukan makanan jalanan yang menggugah selera dan nikmati pengalaman kuliner yang unik.","Mencari street food di Bandung? Temukan pilihan makanan jalanan yang enak dan menggugah selera untuk pengalaman kuliner yang seru.","Jelajahi street food enak di Bandung! Temukan makanan jalanan yang menggugah selera dan nikmati pengalaman kuliner yang unik.","Street food adalah salah satu daya tarik kuliner di Bandung. Dari bakso hingga martabak, Anda dapat menemukan berbagai makanan jalanan yang menggugah selera. Nikmati pengalaman kuliner yang unik dan seru dengan mencicipi street food enak di kota ini.","street food, makanan jalanan, kuliner unik, makanan enak, Bandung"
"makan enak di bandung",12,"Makan Enak di Bandung: Menyantap Hidangan Sehat dan Lezat","Temukan pilihan makan enak di Bandung yang sehat dan lezat. Nikmati hidangan bergizi tanpa mengorbankan rasa.","Ingin makan sehat di Bandung? Temukan tempat makan enak yang menyajikan hidangan sehat dan lezat untuk gaya hidup yang lebih baik.","Mencari makanan sehat di Bandung? Temukan pilihan makan enak yang bergizi dan lezat untuk gaya hidup yang lebih baik.","Makan enak di Bandung tidak harus mengorbankan kesehatan. Banyak restoran yang menawarkan hidangan sehat dan lezat, sehingga Anda dapat menikmati makanan bergizi tanpa rasa bersalah. Temukan pilihan makanan sehat yang menggugah selera di kota ini.","hidangan sehat, makanan enak, kuliner Bandung, restoran sehat, gaya hidup"
"makan enak di bandung",13,"Makan Enak di Bandung: Tempat Makan Keluarga yang Nyaman","Cari tempat makan enak di Bandung untuk keluarga? Temukan restoran dengan suasana nyaman dan menu yang cocok untuk semua usia.","Ingin bersantap bersama keluarga di Bandung? Temukan restoran yang nyaman dan menyajikan menu enak untuk semua anggota keluarga.","Jelajahi tempat makan enak di Bandung yang cocok untuk keluarga. Nikmati hidangan lezat dalam suasana yang nyaman.","Bersantap bersama keluarga di Bandung bisa menjadi pengalaman yang menyenangkan. Temukan tempat makan enak yang menawarkan suasana nyaman dan menu yang cocok untuk semua usia. Dari makanan lokal hingga internasional, Anda akan menemukan banyak pilihan untuk dinikmati bersama keluarga.","tempat makan keluarga, makanan enak, restoran nyaman, kuliner Bandung, menu keluarga"
"makan enak di bandung",14,"Makan Enak di Bandung: Menikmati Makanan Vegan yang Lezat","Jelajahi pilihan makan enak di Bandung untuk vegan. Temukan restoran yang menyajikan hidangan lezat tanpa produk hewani.","Ingin makan vegan di Bandung? Temukan tempat makan enak yang menawarkan hidangan lezat tanpa produk hewani untuk gaya hidup sehat.","Mencari makanan vegan di Bandung? Temukan pilihan makan enak yang lezat tanpa produk hewani untuk gaya hidup sehat.","Bagi Anda yang menjalani gaya hidup vegan, Bandung menawarkan banyak pilihan makan enak yang lezat. Temukan restoran yang menyajikan hidangan tanpa produk hewani, sehingga Anda dapat menikmati makanan yang sehat dan bergizi. Jangan lewatkan pengalaman kuliner yang menggugah selera ini.","makanan vegan, restoran Bandung, kuliner sehat, hidangan lezat, gaya hidup"
"makan enak di bandung",15,"Makan Enak di Bandung: Tempat Makan dengan Live Music","Cari tempat makan enak di Bandung dengan live music? Temukan restoran yang menawarkan suasana santai dan hiburan musik.","Ingin menikmati makan enak sambil mendengarkan live music di Bandung? Temukan restoran yang menawarkan suasana santai dan hiburan musik.","Jelajahi tempat makan enak di Bandung dengan live music. Nikmati hidangan lezat sambil menikmati suasana santai dan hiburan.","Bersantap sambil menikmati live music adalah pengalaman yang menyenangkan. Temukan tempat makan enak di Bandung yang menawarkan hiburan musik, sehingga Anda dapat menikmati hidangan lezat dalam suasana yang santai dan menyenangkan.","live music, restoran Bandung, makanan enak, hiburan, suasana santai"
"makan enak di bandung",16,"Makan Enak di Bandung: Tempat Makan untuk Pecinta Kopi","Cari tempat makan enak di Bandung untuk pecinta kopi? Temukan kafe yang menyajikan kopi terbaik dan hidangan lezat.","Ingin menikmati kopi enak di Bandung? Temukan kafe yang menawarkan kopi terbaik dan hidangan lezat untuk pengalaman bersantai yang sempurna.","Jelajahi tempat makan enak di Bandung untuk pecinta kopi. Nikmati kopi terbaik dan hidangan lezat di kafe yang nyaman.","Bagi pecinta kopi, Bandung adalah tempat yang tepat untuk menemukan kafe dengan kopi terbaik. Temukan tempat makan enak yang menyajikan berbagai jenis kopi dan hidangan lezat untuk menemani waktu santai Anda. Nikmati pengalaman bersantai yang sempurna di kafe-kafe unik di kota ini.","pecinta kopi, kafe Bandung, makanan enak, kopi terbaik, pengalaman bersantai"
"slot 88",1,"Slot 88: Permainan Slot Terpopuler di Dunia","Jelajahi Slot 88, permainan slot terpopuler yang menawarkan pengalaman bermain yang menyenangkan dan menguntungkan.","Ingin tahu tentang Slot 88? Temukan permainan slot terpopuler yang menawarkan berbagai fitur menarik dan peluang menang besar.","Jelajahi Slot 88, permainan slot terpopuler yang menawarkan pengalaman bermain seru dan peluang menang yang menggiurkan.","Slot 88 adalah salah satu permainan slot yang paling banyak dimainkan di dunia. Dengan berbagai tema menarik dan fitur bonus yang menguntungkan, permainan ini menawarkan pengalaman bermain yang tidak terlupakan. Bergabunglah dan coba keberuntungan Anda di Slot 88 sekarang juga!","Slot 88, permainan slot, slot online, kasino, permainan kasino"
"slot 88",2,"Panduan Lengkap Slot 88: Cara Menang Besar","Dapatkan panduan lengkap untuk bermain Slot 88 dan pelajari cara menang besar di permainan slot yang mengasyikkan ini.","Ingin menang besar di Slot 88? Ikuti panduan lengkap kami untuk menemukan strategi dan tips bermain yang efektif.","Dapatkan panduan lengkap untuk bermain Slot 88 dan pelajari cara menang besar dengan strategi yang tepat.","Slot 88 menawarkan banyak peluang untuk menang besar. Dalam panduan ini, kami akan memberikan tips dan strategi yang dapat Anda gunakan untuk meningkatkan peluang Anda. Pelajari cara bermain dengan bijak dan nikmati pengalaman bermain yang menyenangkan di Slot 88.","panduan Slot 88, cara menang, strategi permainan, slot online, kasino"
"slot 88",3,"Slot 88: Pengalaman Bermain Slot yang Menyenangkan","Nikmati pengalaman bermain Slot 88 yang menyenangkan dengan berbagai fitur menarik dan kesempatan menang yang besar.","Slot 88 menawarkan pengalaman bermain yang menyenangkan dengan berbagai tema dan fitur menarik. Bergabunglah dan coba keberuntungan Anda!","Nikmati pengalaman bermain Slot 88 yang menyenangkan dan menangkan hadiah besar dengan fitur menarik di dalamnya.","Bermain Slot 88 adalah pengalaman yang penuh kesenangan. Dengan grafis yang menawan dan berbagai fitur bonus, permainan ini menawarkan kesempatan untuk memenangkan hadiah besar. Cobalah Slot 88 dan rasakan sensasi bermain slot yang sebenarnya!","pengalaman bermain, Slot 88, permainan slot, fitur bonus, kasino"
"slot 88",4,"Slot 88: Menangkan Jackpot dengan Mudah","Temukan cara untuk memenangkan jackpot di Slot 88 dengan tips dan trik yang efektif untuk meningkatkan peluang Anda.","Ingin tahu cara memenangkan jackpot di Slot 88? Temukan tips dan trik yang dapat membantu Anda meraih kemenangan besar.","Dapatkan tips untuk memenangkan jackpot di Slot 88 dan tingkatkan peluang Anda untuk meraih kemenangan besar!","Slot 88 tidak hanya menawarkan kesenangan, tetapi juga peluang untuk memenangkan jackpot yang menggiurkan. Dalam artikel ini, kami akan membagikan tips dan trik yang dapat Anda gunakan untuk meningkatkan peluang Anda. Siapkan diri Anda untuk meraih kemenangan besar di Slot 88!","menang jackpot, Slot 88, tips permainan, peluang menang, kasino"
"slot 88",5,"Slot 88: Fitur Unggulan yang Harus Diketahui","Pelajari fitur unggulan Slot 88 yang membuat permainan ini semakin menarik dan menguntungkan bagi para pemain.","Ingin tahu fitur unggulan di Slot 88? Temukan berbagai fitur menarik yang membuat permainan ini semakin seru dan menguntungkan.","Pelajari fitur unggulan Slot 88 yang membuat permainan ini semakin menarik dan tingkatkan peluang menang Anda!","Slot 88 dilengkapi dengan berbagai fitur unggulan yang membuat pengalaman bermain semakin seru. Dari putaran gratis hingga bonus tambahan, fitur-fitur ini dirancang untuk meningkatkan peluang Anda meraih kemenangan. Kenali fitur-fitur ini dan maksimalkan pengalaman bermain Anda di Slot 88.","fitur unggulan, Slot 88, permainan slot, bonus, kasino"
"slot 88",6,"Slot 88: Permainan Slot dengan Tema Menarik","Jelajahi berbagai tema menarik di Slot 88 dan temukan pengalaman bermain yang unik dan menyenangkan.","Slot 88 menawarkan berbagai tema menarik yang membuat permainan semakin seru. Temukan tema favorit Anda dan mulai bermain!","Jelajahi tema menarik di Slot 88 dan nikmati pengalaman bermain yang unik dan menyenangkan!","Salah satu daya tarik Slot 88 adalah berbagai tema yang ditawarkan. Dari petualangan hingga fantasi, Anda dapat menemukan tema yang sesuai dengan selera Anda. Temukan tema favorit Anda dan nikmati pengalaman bermain yang unik di Slot 88.","tema menarik, Slot 88, permainan slot, pengalaman bermain, kasino"
"slot 88",7,"Slot 88: Cara Daftar dan Mulai Bermain","Dapatkan langkah-langkah untuk mendaftar dan mulai bermain Slot 88 dengan mudah dan cepat.","Ingin bermain Slot 88? Temukan cara daftar dan langkah-langkah untuk memulai permainan dengan cepat dan mudah.","Dapatkan langkah-langkah mudah untuk mendaftar dan mulai bermain Slot 88 sekarang juga!","Mendaftar untuk bermain Slot 88 sangat mudah. Dalam artikel ini, kami akan memberikan langkah-langkah yang perlu Anda ikuti untuk mendaftar dan mulai bermain. Jangan lewatkan kesempatan untuk mencoba keberuntungan Anda di Slot 88!","cara daftar, Slot 88, mulai bermain, langkah mudah, kasino"
"slot 88",8,"Slot 88: Tips untuk Pemain Pemula","Dapatkan tips berharga untuk pemain pemula yang ingin mencoba Slot 88 dan meraih kemenangan.","Baru mengenal Slot 88? Temukan tips dan trik untuk pemula agar dapat bermain dengan percaya diri dan meraih kemenangan.","Dapatkan tips untuk pemula yang ingin mencoba Slot 88 dan tingkatkan peluang menang Anda!","Jika Anda seorang pemula yang ingin mencoba Slot 88, ada beberapa tips yang perlu Anda ketahui. Mulailah dengan memahami aturan permainan dan fitur-fitur yang ada. Dengan tips yang tepat, Anda dapat meningkatkan peluang Anda untuk meraih kemenangan di Slot 88.","tips pemula, Slot 88, permainan slot, peluang menang, kasino"
"slot 88",9,"Slot 88: Keseruan Bermain Slot Online","Nikmati keseruan bermain Slot 88 secara online dengan berbagai fitur menarik dan kesempatan menang yang besar.","Bermain Slot 88 secara online adalah pengalaman yang seru. Temukan fitur menarik dan peluang menang yang menggiurkan.","Nikmati keseruan bermain Slot 88 secara online dan tingkatkan peluang menang Anda dengan fitur menarik!","Bermain Slot 88 secara online memberikan pengalaman yang seru dan mengasyikkan. Dengan berbagai fitur menarik dan peluang untuk menang besar, Anda dapat merasakan keseruan permainan dari kenyamanan rumah Anda. Cobalah Slot 88 dan rasakan sensasi bermain slot online!","slot online, Slot 88, keseruan bermain, fitur menarik, kasino"
"slot 88",10,"Slot 88: Menemukan Kasino Terbaik untuk Bermain","Temukan kasino terbaik untuk bermain Slot 88 dan nikmati pengalaman bermain yang aman dan menyenangkan.","Ingin bermain Slot 88? Temukan kasino terbaik yang menawarkan pengalaman bermain yang aman dan menguntungkan.","Dapatkan informasi tentang kasino terbaik untuk bermain Slot 88 dan nikmati pengalaman bermain yang aman!","Memilih kasino yang tepat untuk bermain Slot 88 sangat penting untuk pengalaman bermain yang menyenangkan. Dalam artikel ini, kami akan memberikan rekomendasi kasino terbaik yang menawarkan Slot 88 dan memastikan pengalaman bermain yang aman dan menguntungkan.","kasino terbaik, Slot 88, pengalaman bermain, aman, slot online"
"slot 88",11,"Slot 88: Peluang Menang yang Menggiurkan","Jelajahi peluang menang yang menggiurkan di Slot 88 dan tingkatkan pengalaman bermain Anda.","Slot 88 menawarkan peluang menang yang menggiurkan. Temukan cara untuk meningkatkan peluang Anda dan raih kemenangan besar!","Jelajahi peluang menang di Slot 88 dan tingkatkan pengalaman bermain Anda dengan tips yang tepat!","Salah satu daya tarik utama Slot 88 adalah peluang menang yang menggiurkan. Dengan berbagai fitur bonus dan jackpot yang tersedia, Anda dapat meningkatkan peluang Anda untuk meraih kemenangan besar. Pelajari cara memanfaatkan peluang ini dan nikmati pengalaman bermain yang seru.","peluang menang, Slot 88, jackpot, permainan slot, kasino"
"slot 88",12,"Slot 88: Permainan Slot dengan RTP Tinggi","Pelajari tentang Slot 88 yang menawarkan RTP tinggi dan peluang menang yang lebih baik untuk pemain.","Slot 88 dikenal dengan RTP tinggi. Temukan informasi lebih lanjut tentang permainan ini dan tingkatkan peluang menang Anda.","Pelajari tentang Slot 88 dengan RTP tinggi dan tingkatkan peluang menang Anda dengan informasi yang tepat!","Slot 88 menawarkan RTP (Return to Player) yang tinggi, memberikan peluang yang lebih baik bagi pemain untuk meraih kemenangan. Dalam artikel ini, kami akan membahas lebih lanjut tentang RTP dan bagaimana Anda dapat memanfaatkan informasi ini saat bermain Slot 88.","RTP tinggi, Slot 88, peluang menang, permainan slot, kasino"
"slot 88",13,"Slot 88: Menyajikan Bonus Menarik untuk Pemain","Temukan bonus menarik yang ditawarkan di Slot 88 dan tingkatkan pengalaman bermain Anda.","Slot 88 menawarkan berbagai bonus menarik untuk pemain. Temukan cara untuk memanfaatkan bonus ini dan tingkatkan peluang menang.","Jelajahi bonus menarik di Slot 88 dan tingkatkan pengalaman bermain Anda dengan memanfaatkan keuntungan ini!","Salah satu daya tarik Slot 88 adalah bonus yang ditawarkan kepada pemain. Dari bonus sambutan hingga putaran gratis, Anda dapat memanfaatkan berbagai penawaran ini untuk meningkatkan peluang Anda meraih kemenangan. Jangan lewatkan kesempatan untuk mendapatkan bonus menarik di Slot 88!","bonus menarik, Slot 88, pemain, peluang menang, permainan slot"
"slot 88",14,"Slot 88: Tips Mengelola Bankroll Anda","Pelajari cara mengelola bankroll Anda saat bermain Slot 88 untuk pengalaman bermain yang lebih baik.","Mengelola bankroll adalah kunci untuk bermain Slot 88 dengan bijak. Temukan tips untuk mengelola bankroll Anda saat bermain.","Pelajari cara mengelola bankroll Anda saat bermain Slot 88 untuk pengalaman bermain yang lebih baik dan menguntungkan!","Mengelola bankroll Anda adalah salah satu aspek terpenting saat bermain Slot 88. Dalam artikel ini, kami akan memberikan tips tentang cara mengatur anggaran permainan Anda dan memastikan Anda dapat bermain dengan bijak. Dengan pengelolaan bankroll yang baik, Anda dapat meningkatkan pengalaman bermain Anda.","mengelola bankroll, Slot 88, tips permainan, pengalaman bermain, kasino"
"slot 88",15,"Slot 88: Menyediakan Dukungan Pelanggan yang Baik","Temukan dukungan pelanggan yang baik saat bermain Slot 88 untuk pengalaman bermain yang lebih nyaman.","Dukungan pelanggan yang baik sangat penting saat bermain Slot 88. Temukan informasi tentang dukungan yang tersedia untuk pemain.","Jelajahi dukungan pelanggan yang baik saat bermain Slot 88 untuk pengalaman bermain yang lebih nyaman dan aman!","Dukungan pelanggan yang baik adalah salah satu faktor penting dalam pengalaman bermain Slot 88. Ketika Anda memiliki pertanyaan atau masalah, penting untuk memiliki akses ke dukungan yang responsif dan membantu. Temukan informasi tentang dukungan pelanggan yang tersedia dan tingkatkan pengalaman bermain Anda.","dukungan pelanggan, Slot 88, pengalaman bermain, kasino, layanan"
